Title,Content Name,URL
Profit and loss,Profit and loss,https://np.chimpvine.com/mod/hvp/view.php?id=3434
Bills and budget,Bills,https://np.chimpvine.com/mod/hvp/view.php?id=3468
Bills and budget,Budget,https://np.chimpvine.com/mod/hvp/view.php?id=3472
Time,Conversion of time,https://np.chimpvine.com/mod/hvp/view.php?id=3488
Time,Find the elapsed time,https://np.chimpvine.com/mod/hvp/view.php?id=3802
Time,Match clocks and times,https://np.chimpvine.com/mod/hvp/view.php?id=6676
Currency,Introduction of money,https://np.chimpvine.com/mod/hvp/view.php?id=3494
Currency,Conversion of money,https://np.chimpvine.com/mod/hvp/view.php?id=3558
Currency,Addition and subtraction of money,https://np.chimpvine.com/mod/hvp/view.php?id=3566
Currency,Multiplication and division of money,https://np.chimpvine.com/mod/hvp/view.php?id=3660
Four fundamental operations,Simplification,https://np.chimpvine.com/mod/hvp/view.php?id=3666
Four fundamental operations,Order of operations,https://np.chimpvine.com/mod/hvp/view.php?id=3795
Four fundamental operations,Addition,https://np.chimpvine.com/mod/hvp/view.php?id=4047
Four fundamental operations,Subtraction,https://np.chimpvine.com/mod/hvp/view.php?id=4057
Four fundamental operations,Multiplication,https://np.chimpvine.com/mod/hvp/view.php?id=4085
Four fundamental operations,Division,https://np.chimpvine.com/mod/hvp/view.php?id=4170
Weight,Introduction of weight,https://np.chimpvine.com/mod/hvp/view.php?id=3718
Weight,Conversion of units of weight,https://np.chimpvine.com/mod/hvp/view.php?id=3722
Decimal,Addition and subtraction of decimals,https://np.chimpvine.com/mod/hvp/view.php?id=3787
Decimal,Conversion of fraction into decimals,https://np.chimpvine.com/mod/hvp/view.php?id=3974
Decimal,Conversion of decimal into fractions,https://np.chimpvine.com/mod/hvp/view.php?id=3979
Decimal,Multiplication and division of decimals,https://np.chimpvine.com/mod/hvp/view.php?id=3987
Decimal,Round off,https://np.chimpvine.com/mod/hvp/view.php?id=4155
Number system,Factors and multiples,https://np.chimpvine.com/mod/hvp/view.php?id=3816
Number system,Number system,https://np.chimpvine.com/mod/hvp/view.php?id=3826
Number system,Square and square root of numbers,https://np.chimpvine.com/mod/hvp/view.php?id=3935
Number system,Cube and cube root,https://np.chimpvine.com/mod/hvp/view.php?id=3944
Number system,Highest common factor (HCF),https://np.chimpvine.com/mod/hvp/view.php?id=4003
Number system,Lowest common multiple(LCM),https://np.chimpvine.com/mod/hvp/view.php?id=4012
Number system,Revision of number system,https://np.chimpvine.com/mod/hvp/view.php?id=4182
Number system,Hindu arabic number system,https://np.chimpvine.com/mod/hvp/view.php?id=4184
Number system,Place and face value of numbers,https://np.chimpvine.com/mod/hvp/view.php?id=4190
Number system,International number system and their place value,https://np.chimpvine.com/mod/hvp/view.php?id=4234
"Perimeter, area and volume",Introduction to perimeter,https://np.chimpvine.com/mod/hvp/view.php?id=4251
"Perimeter, area and volume",Calculation of perimeters of plane figure,https://np.chimpvine.com/mod/hvp/view.php?id=4278
"Perimeter, area and volume",Introduction to area,https://np.chimpvine.com/mod/hvp/view.php?id=4289
"Perimeter, area and volume",Area of squares and rectangles,https://np.chimpvine.com/mod/hvp/view.php?id=4303
"Perimeter, area and volume",Area of parallelograms and trapezoids,https://np.chimpvine.com/mod/hvp/view.php?id=4526
"Perimeter, area and volume",Introduction to volume,https://np.chimpvine.com/mod/hvp/view.php?id=4656
"Perimeter, area and volume",Volume of irregular figures,https://np.chimpvine.com/mod/hvp/view.php?id=4725
Algebra,Introduction to algebra,https://np.chimpvine.com/mod/hvp/view.php?id=4673
Algebra,Equations,https://np.chimpvine.com/mod/hvp/view.php?id=4718
Algebra,"Add, subtract, multiply and divide algebraic expressions",https://np.chimpvine.com/mod/hvp/view.php?id=5064
Fraction,Introduction to fraction,https://np.chimpvine.com/mod/hvp/view.php?id=4736
Fraction,Addition of mixed numbers,https://np.chimpvine.com/mod/hvp/view.php?id=4794
Fraction,Subtraction of mixed numbers,https://np.chimpvine.com/mod/hvp/view.php?id=4826
Fraction,Multiplication of fractions,https://np.chimpvine.com/mod/hvp/view.php?id=4861
Fraction,Division of fraction numbers,https://np.chimpvine.com/mod/hvp/view.php?id=4917
Geometry,Geometry - Interactive book,https://np.chimpvine.com/mod/hvp/view.php?id=5125
Geometry,Review - Interactive quiz,https://np.chimpvine.com/mod/hvp/view.php?id=5126
Geometry,Measurement of the angles - Interactive quiz,https://np.chimpvine.com/mod/hvp/view.php?id=5127
Geometry,Construction of angles - Interactive quiz,https://np.chimpvine.com/mod/hvp/view.php?id=5128
Geometry,"Perpendicular, parallel and intersecting lines - Interactive quiz",https://np.chimpvine.com/mod/hvp/view.php?id=5129
Geometry,Pairs of angles - Interactive quiz,https://np.chimpvine.com/mod/hvp/view.php?id=5130
Geometry,Triangles and quadrilaterals - Interactive quiz,https://np.chimpvine.com/mod/hvp/view.php?id=5131
Sets,Sets - Interactive book,https://np.chimpvine.com/mod/hvp/view.php?id=5169
Sets,Introduction to sets - Interactive quiz,https://np.chimpvine.com/mod/hvp/view.php?id=5170
Sets,Membership of sets - Interactive quiz,https://np.chimpvine.com/mod/hvp/view.php?id=5171
Sets,Methods of writing members of sets - Interactive quiz,https://np.chimpvine.com/mod/hvp/view.php?id=5172
Sets,Types of sets - Interactive quiz,https://np.chimpvine.com/mod/hvp/view.php?id=5173
Statistics,Charts,https://np.chimpvine.com/mod/hvp/view.php?id=5182
Statistics,Bargraph,https://np.chimpvine.com/mod/hvp/view.php?id=5183
Statistics,Temperature,https://np.chimpvine.com/mod/hvp/view.php?id=5184
Statistics,Ordered pairs,https://np.chimpvine.com/mod/hvp/view.php?id=5185
"Unitary method, simple interest, and percentage","Unitary method, simple interest, and percentage - Interactive book",https://np.chimpvine.com/mod/hvp/view.php?id=5198
"Unitary method, simple interest, and percentage",Unitary method and simple interest - Interactive quiz,https://np.chimpvine.com/mod/hvp/view.php?id=5199
"Unitary method, simple interest, and percentage",Percentage - Interactive quiz,https://np.chimpvine.com/mod/hvp/view.php?id=5200
Length,Length - Interactive book,https://np.chimpvine.com/mod/hvp/view.php?id=5203
Length,Introduction of length - Interactive quiz,https://np.chimpvine.com/mod/hvp/view.php?id=5204
Length,Conversion of units of length - Interactive quiz,https://np.chimpvine.com/mod/hvp/view.php?id=5205
Length,Addition and subtraction of length - Interactive quiz,https://np.chimpvine.com/mod/hvp/view.php?id=5206
Length,Multiplication and division of length - Interactive quiz,https://np.chimpvine.com/mod/hvp/view.php?id=5207
